<?xml version="1.0" encoding="UTF-8" ?>
<XMLDB PATH="mod/debate/db" VERSION="20211011" COMMENT="XMLDB file for Moodle mod_debate"
    xmlns:xsi="http://www.w3.org/2001/XMLSchema-instance"
    xsi:noNamespaceSchemaLocation="../../../lib/xmldb/xmldb.xsd"
>
  <TABLES>
    <TABLE NAME="debate" COMMENT="Stores the debate activity module instances.">
      <FIELDS>
        <FIELD NAME="id" TYPE="int" LENGTH="10" NOTNULL="true" SEQUENCE="true"/>
        <FIELD NAME="course" TYPE="int" LENGTH="10" NOTNULL="true" SEQUENCE="false" COMMENT="ID of the course this activity is part of."/>
        <FIELD NAME="name" TYPE="char" LENGTH="255" NOTNULL="true" SEQUENCE="false" COMMENT="The name of the debate instance"/>
        <FIELD NAME="debate" TYPE="text" NOTNULL="false" SEQUENCE="false" COMMENT="Debate topic."/>
        <FIELD NAME="debateformat" TYPE="int" LENGTH="4" NOTNULL="true" DEFAULT="0" SEQUENCE="false" COMMENT="The format of the topic field."/>
        <FIELD NAME="responsetype" TYPE="int" LENGTH="4" NOTNULL="true" DEFAULT="0" SEQUENCE="false" COMMENT="The type of response allowed."/>
        <FIELD NAME="intro" TYPE="text" NOTNULL="false" SEQUENCE="false" COMMENT="Debate description."/>
        <FIELD NAME="introformat" TYPE="int" LENGTH="4" NOTNULL="true" DEFAULT="0" SEQUENCE="false" COMMENT="The format of the intro field."/>
        <FIELD NAME="debateresponsecomcount" TYPE="int" LENGTH="4" NOTNULL="true" DEFAULT="0" SEQUENCE="false" COMMENT="The required responses for debate completion."/>
        <FIELD NAME="timecreated" TYPE="int" LENGTH="10" NOTNULL="true" DEFAULT="0" SEQUENCE="false" COMMENT="Timestamp of when the instance was added to the course."/>
        <FIELD NAME="timemodified" TYPE="int" LENGTH="10" NOTNULL="true" DEFAULT="0" SEQUENCE="false" COMMENT="Timestamp of when the instance was last modified."/>
      </FIELDS>
      <KEYS>
        <KEY NAME="primary" TYPE="primary" FIELDS="id"/>
        <KEY NAME="fk_course" TYPE="foreign" FIELDS="course" REFTABLE="course" REFFIELDS="id"/>
      </KEYS>
    </TABLE>
    <TABLE NAME="debate_response" COMMENT="Stores the debate activity module responses.">
      <FIELDS>
        <FIELD NAME="id" TYPE="int" LENGTH="10" NOTNULL="true" SEQUENCE="true"/>
        <FIELD NAME="courseid" TYPE="int" LENGTH="10" NOTNULL="true" SEQUENCE="false" COMMENT="ID of the course this activity is part of."/>
        <FIELD NAME="debateid" TYPE="int" LENGTH="10" NOTNULL="true" SEQUENCE="false" COMMENT="ID of the debate instance."/>
        <FIELD NAME="userid" TYPE="int" LENGTH="10" NOTNULL="true" SEQUENCE="false" COMMENT="ID of the user."/>
        <FIELD NAME="response" TYPE="text" NOTNULL="false" SEQUENCE="false" COMMENT="Debate response from user."/>
        <FIELD NAME="responsetype" TYPE="int" LENGTH="4" NOTNULL="true" DEFAULT="0" SEQUENCE="false" COMMENT="The type of response."/>
        <FIELD NAME="timecreated" TYPE="int" LENGTH="10" NOTNULL="true" DEFAULT="0" SEQUENCE="false" COMMENT="Timestamp of when the response was added to the course."/>
        <FIELD NAME="timemodified" TYPE="int" LENGTH="10" NOTNULL="true" DEFAULT="0" SEQUENCE="false" COMMENT="Timestamp of when the response was last modified."/>
      </FIELDS>
      <KEYS>
        <KEY NAME="primary" TYPE="primary" FIELDS="id"/>
        <KEY NAME="fk_courseid" TYPE="foreign" FIELDS="courseid" REFTABLE="course" REFFIELDS="id"/>
        <KEY NAME="fk_debateid" TYPE="foreign" FIELDS="debateid" REFTABLE="debate" REFFIELDS="id"/>
        <KEY NAME="fk_userid" TYPE="foreign" FIELDS="userid" REFTABLE="user" REFFIELDS="id"/>
      </KEYS>
    </TABLE>
    <TABLE NAME="debate_teams" COMMENT="Stores the debate teams information.">
      <FIELDS>
        <FIELD NAME="id" TYPE="int" LENGTH="10" NOTNULL="true" SEQUENCE="true"/>
        <FIELD NAME="name" TYPE="char" LENGTH="255" NOTNULL="true" SEQUENCE="false" COMMENT="The name of the debate team"/>
        <FIELD NAME="courseid" TYPE="int" LENGTH="10" NOTNULL="true" SEQUENCE="false" COMMENT="ID of the course this activity is part of."/>
        <FIELD NAME="debateid" TYPE="int" LENGTH="10" NOTNULL="true" SEQUENCE="false" COMMENT="ID of the debate instance."/>
        <FIELD NAME="responsetype" TYPE="int" LENGTH="4" NOTNULL="true" DEFAULT="0" SEQUENCE="false" COMMENT="The type of response."/>
        <FIELD NAME="responseallowed" TYPE="int" LENGTH="4" NOTNULL="true" DEFAULT="0" SEQUENCE="false" COMMENT="The number of response allowed."/>
        <FIELD NAME="groupselection" TYPE="text" NOTNULL="true" SEQUENCE="false" COMMENT="ids of group selections."/>
        <FIELD NAME="active" TYPE="int" LENGTH="1" NOTNULL="true" DEFAULT="0" SEQUENCE="false" COMMENT="Team active or inactive."/>
        <FIELD NAME="timecreated" TYPE="int" LENGTH="10" NOTNULL="true" DEFAULT="0" SEQUENCE="false" COMMENT="Timestamp of when the team was added to the course."/>
        <FIELD NAME="timemodified" TYPE="int" LENGTH="10" NOTNULL="true" DEFAULT="0" SEQUENCE="false" COMMENT="Timestamp of when the team was last modified."/>
      </FIELDS>
      <KEYS>
        <KEY NAME="primary" TYPE="primary" FIELDS="id"/>
        <KEY NAME="fk_courseid" TYPE="foreign" FIELDS="courseid" REFTABLE="course" REFFIELDS="id"/>
        <KEY NAME="fk_debateid" TYPE="foreign" FIELDS="debateid" REFTABLE="debate" REFFIELDS="id"/>
      </KEYS>
    </TABLE>
  </TABLES>
</XMLDB>
